{"cameraMode":{"drawMode":0,"name":"Shaded","section":"Shading Mode"},"sceneLighting":true,"audioPlay":false,"sceneViewState":{"m_AlwaysRefresh":false,"showFog":true,"showSkybox":true,"showFlares":true,"showImageEffects":true,"showParticleSystems":true,"showVisualEffectGraphs":true,"m_FxEnabled":true},"in2DMode":false,"pivot":{"x":0.8299999237060547,"y":0.006000041961669922,"z":1.0289998054504395},"rotation":{"x":-0.0811389684677124,"y":0.5685259699821472,"z":-0.056448135524988177,"w":-0.81674724817276},"size":0.18296100199222566,"orthographic":false}